census_tract,tract_name,county_name,tangled_properties,at_risk_properties,tangled_net_equity,at_risk_net_equity,tangled_gross_positive_equity,at_risk_gross_positive_equity,tangled_gross_negative_equity,at_risk_gross_negative_equity,GEOID,intersectional_group,method_version,validated_against_paper_map,validation_date,source_pdf
24510010100,Census Tract 101; Baltimore city; Maryland,"Baltimore city, Maryland",6,8,1609063,2378117,1609063,2378117,NA,NA,24510010100,Contemporary advantage,uzzi2023_reproduction,TRUE,2026-05-05,analysis/20260427uzzi_category_match/85.full.pdf
24510010200,Census Tract 102; Baltimore city; Maryland,"Baltimore city, Maryland",9,4,2390709,747837,2390709,747837,NA,NA,24510010200,Excluded from analysis,uzzi2023_reproduction,TRUE,2026-05-05,analysis/20260427uzzi_category_match/85.full.pdf
24510010300,Census Tract 103; Baltimore city; Maryland,"Baltimore city, Maryland",4,5,999348,633188,999348,689567,NA,-56379,24510010300,Excluded from analysis,uzzi2023_reproduction,TRUE,2026-05-05,analysis/20260427uzzi_category_match/85.full.pdf
24510010400,Census Tract 104; Baltimore city; Maryland,"Baltimore city, Maryland",3,4,582048,903873,582048,903873,NA,NA,24510010400,Excluded from analysis,uzzi2023_reproduction,TRUE,2026-05-05,analysis/20260427uzzi_category_match/85.full.pdf
24510010500,Census Tract 105; Baltimore city; Maryland,"Baltimore city, Maryland",4,4,1096251,-69623318,1096251,637652,NA,-70260970,24510010500,Contemporary advantage,uzzi2023_reproduction,TRUE,2026-05-05,analysis/20260427uzzi_category_match/85.full.pdf
24510020100,Census Tract 201; Baltimore city; Maryland,"Baltimore city, Maryland",2,4,507702,1033901,507702,1033901,NA,NA,24510020100,Contemporary advantage,uzzi2023_reproduction,TRUE,2026-05-05,analysis/20260427uzzi_category_match/85.full.pdf
24510020200,Census Tract 202; Baltimore city; Maryland,"Baltimore city, Maryland",3,4,785147,775842,785147,775842,NA,NA,24510020200,Contemporary advantage,uzzi2023_reproduction,TRUE,2026-05-05,analysis/20260427uzzi_category_match/85.full.pdf
24510020300,Census Tract 203; Baltimore city; Maryland,"Baltimore city, Maryland",2,1,1857264,318653,1857264,318653,NA,NA,24510020300,Excluded from analysis,uzzi2023_reproduction,TRUE,2026-05-05,analysis/20260427uzzi_category_match/85.full.pdf
24510030100,Census Tract 301; Baltimore city; Maryland,"Baltimore city, Maryland",1,2,195019,271015,195019,271015,NA,NA,24510030100,Sustained disadvantage,uzzi2023_reproduction,TRUE,2026-05-05,analysis/20260427uzzi_category_match/85.full.pdf
24510030200,Census Tract 302; Baltimore city; Maryland,"Baltimore city, Maryland",4,8,1198931,2081536,1198931,2194376,NA,-112840,24510030200,Contemporary advantage,uzzi2023_reproduction,TRUE,2026-05-05,analysis/20260427uzzi_category_match/85.full.pdf
24510040100,Census Tract 401; Baltimore city; Maryland,"Baltimore city, Maryland",3,2,281678,242361,282020,242361,-342,NA,24510040100,Contemporary advantage,uzzi2023_reproduction,TRUE,2026-05-05,analysis/20260427uzzi_category_match/85.full.pdf
24510040200,Census Tract 402; Baltimore city; Maryland,"Baltimore city, Maryland",0,0,NA,NA,NA,NA,NA,NA,24510040200,Contemporary advantage,uzzi2023_reproduction,TRUE,2026-05-05,analysis/20260427uzzi_category_match/85.full.pdf
24510050100,"Census Tract 501, Baltimore city, Maryland","Baltimore city, Maryland",0,0,NA,NA,NA,NA,NA,NA,24510050100,NA,NA,NA,NA,NA
24510060100,Census Tract 601; Baltimore city; Maryland,"Baltimore city, Maryland",11,3,1398009,-32145,1442418,80593,-44409,-112738,24510060100,Contemporary advantage,uzzi2023_reproduction,TRUE,2026-05-05,analysis/20260427uzzi_category_match/85.full.pdf
24510060200,Census Tract 602; Baltimore city; Maryland,"Baltimore city, Maryland",12,8,1684783,600113,1692938,645037,-8155,-44924,24510060200,Contemporary advantage,uzzi2023_reproduction,TRUE,2026-05-05,analysis/20260427uzzi_category_match/85.full.pdf
24510060300,Census Tract 603; Baltimore city; Maryland,"Baltimore city, Maryland",4,2,588121,334470,588121,334470,NA,NA,24510060300,Contemporary advantage,uzzi2023_reproduction,TRUE,2026-05-05,analysis/20260427uzzi_category_match/85.full.pdf
24510060400,Census Tract 604; Baltimore city; Maryland,"Baltimore city, Maryland",0,3,NA,570001,NA,570001,NA,NA,24510060400,Contemporary advantage,uzzi2023_reproduction,TRUE,2026-05-05,analysis/20260427uzzi_category_match/85.full.pdf
24510060500,"Census Tract 605, Baltimore city, Maryland","Baltimore city, Maryland",0,0,NA,NA,NA,NA,NA,NA,24510060500,NA,NA,NA,NA,NA
24510070100,Census Tract 701; Baltimore city; Maryland,"Baltimore city, Maryland",10,4,965530,321167,965530,321167,NA,NA,24510070100,Sustained disadvantage,uzzi2023_reproduction,TRUE,2026-05-05,analysis/20260427uzzi_category_match/85.full.pdf
24510070200,Census Tract 702; Baltimore city; Maryland,"Baltimore city, Maryland",18,6,1952279,611331,1952279,611331,NA,NA,24510070200,Sustained disadvantage,uzzi2023_reproduction,TRUE,2026-05-05,analysis/20260427uzzi_category_match/85.full.pdf
24510070300,Census Tract 703; Baltimore city; Maryland,"Baltimore city, Maryland",10,0,1671011,NA,1671011,NA,NA,NA,24510070300,Sustained disadvantage,uzzi2023_reproduction,TRUE,2026-05-05,analysis/20260427uzzi_category_match/85.full.pdf
24510070400,Census Tract 704; Baltimore city; Maryland,"Baltimore city, Maryland",1,1,114366,199993,114366,199993,NA,NA,24510070400,Sustained disadvantage,uzzi2023_reproduction,TRUE,2026-05-05,analysis/20260427uzzi_category_match/85.full.pdf
24510080101,Census Tract 801.01; Baltimore city; Maryland,"Baltimore city, Maryland",11,8,1250628,1291552,1250628,1291552,NA,NA,24510080101,Excluded from analysis,uzzi2023_reproduction,TRUE,2026-05-05,analysis/20260427uzzi_category_match/85.full.pdf
24510080102,Census Tract 801.02; Baltimore city; Maryland,"Baltimore city, Maryland",7,3,510437,171342,510437,196897,NA,-25555,24510080102,Previous advantage,uzzi2023_reproduction,TRUE,2026-05-05,analysis/20260427uzzi_category_match/85.full.pdf
24510080200,Census Tract 802; Baltimore city; Maryland,"Baltimore city, Maryland",38,2,3777217,149905,3777217,149905,NA,NA,24510080200,Excluded from analysis,uzzi2023_reproduction,TRUE,2026-05-05,analysis/20260427uzzi_category_match/85.full.pdf
24510080301,Census Tract 803.01; Baltimore city; Maryland,"Baltimore city, Maryland",27,3,2257026,148876,2278954,148876,-21928,NA,24510080301,Sustained disadvantage,uzzi2023_reproduction,TRUE,2026-05-05,analysis/20260427uzzi_category_match/85.full.pdf
24510080302,Census Tract 803.02; Baltimore city; Maryland,"Baltimore city, Maryland",48,6,5377232,524019,5377232,524019,NA,NA,24510080302,Sustained disadvantage,uzzi2023_reproduction,TRUE,2026-05-05,analysis/20260427uzzi_category_match/85.full.pdf
24510080400,Census Tract 804; Baltimore city; Maryland,"Baltimore city, Maryland",23,3,2590183,166565,2590183,202780,NA,-36215,24510080400,Sustained disadvantage,uzzi2023_reproduction,TRUE,2026-05-05,analysis/20260427uzzi_category_match/85.full.pdf
24510080500,Census Tract 805; Baltimore city; Maryland,"Baltimore city, Maryland",23,9,1811284,719967,1811284,719967,NA,NA,24510080500,Sustained disadvantage,uzzi2023_reproduction,TRUE,2026-05-05,analysis/20260427uzzi_category_match/85.full.pdf
24510080600,Census Tract 806; Baltimore city; Maryland,"Baltimore city, Maryland",47,4,4246385,314130,4246385,314130,NA,NA,24510080600,Sustained disadvantage,uzzi2023_reproduction,TRUE,2026-05-05,analysis/20260427uzzi_category_match/85.full.pdf
24510080700,Census Tract 807; Baltimore city; Maryland,"Baltimore city, Maryland",20,3,2512308,441491,2512308,441491,NA,NA,24510080700,Sustained disadvantage,uzzi2023_reproduction,TRUE,2026-05-05,analysis/20260427uzzi_category_match/85.full.pdf
24510080800,Census Tract 808; Baltimore city; Maryland,"Baltimore city, Maryland",4,1,704514,333200,704514,333200,NA,NA,24510080800,Sustained disadvantage,uzzi2023_reproduction,TRUE,2026-05-05,analysis/20260427uzzi_category_match/85.full.pdf
24510090100,Census Tract 901; Baltimore city; Maryland,"Baltimore city, Maryland",22,9,3126264,1209056,3127355,1209056,-1091,NA,24510090100,Excluded from analysis,uzzi2023_reproduction,TRUE,2026-05-05,analysis/20260427uzzi_category_match/85.full.pdf
24510090200,Census Tract 902; Baltimore city; Maryland,"Baltimore city, Maryland",15,6,2818643,722864,2818643,722864,NA,NA,24510090200,Excluded from analysis,uzzi2023_reproduction,TRUE,2026-05-05,analysis/20260427uzzi_category_match/85.full.pdf
24510090300,Census Tract 903; Baltimore city; Maryland,"Baltimore city, Maryland",8,10,1387878,1140004,1387878,1140004,NA,NA,24510090300,Previous advantage,uzzi2023_reproduction,TRUE,2026-05-05,analysis/20260427uzzi_category_match/85.full.pdf
24510090400,Census Tract 904; Baltimore city; Maryland,"Baltimore city, Maryland",3,0,372227,NA,372227,NA,NA,NA,24510090400,Sustained disadvantage,uzzi2023_reproduction,TRUE,2026-05-05,analysis/20260427uzzi_category_match/85.full.pdf
24510090500,Census Tract 905; Baltimore city; Maryland,"Baltimore city, Maryland",7,3,667285,329726,667285,329726,NA,NA,24510090500,Sustained disadvantage,uzzi2023_reproduction,TRUE,2026-05-05,analysis/20260427uzzi_category_match/85.full.pdf
24510090600,Census Tract 906; Baltimore city; Maryland,"Baltimore city, Maryland",16,6,2015992,731832,2036344,731832,-20352,NA,24510090600,Previous advantage,uzzi2023_reproduction,TRUE,2026-05-05,analysis/20260427uzzi_category_match/85.full.pdf
24510090700,Census Tract 907; Baltimore city; Maryland,"Baltimore city, Maryland",30,3,3106472,251148,3144889,251148,-38417,NA,24510090700,Previous advantage,uzzi2023_reproduction,TRUE,2026-05-05,analysis/20260427uzzi_category_match/85.full.pdf
24510090800,Census Tract 908; Baltimore city; Maryland,"Baltimore city, Maryland",38,6,3872032,538914,3872032,538914,NA,NA,24510090800,Sustained disadvantage,uzzi2023_reproduction,TRUE,2026-05-05,analysis/20260427uzzi_category_match/85.full.pdf
24510090900,Census Tract 909; Baltimore city; Maryland,"Baltimore city, Maryland",11,3,1041408,255727,1041408,255727,NA,NA,24510090900,Sustained disadvantage,uzzi2023_reproduction,TRUE,2026-05-05,analysis/20260427uzzi_category_match/85.full.pdf
24510100100,Census Tract 1001; Baltimore city; Maryland,"Baltimore city, Maryland",16,1,1656336,203883,1656336,203883,NA,NA,24510100100,Sustained disadvantage,uzzi2023_reproduction,TRUE,2026-05-05,analysis/20260427uzzi_category_match/85.full.pdf
24510100200,Census Tract 1002; Baltimore city; Maryland,"Baltimore city, Maryland",4,1,512835,59182,512835,59182,NA,NA,24510100200,Sustained disadvantage,uzzi2023_reproduction,TRUE,2026-05-05,analysis/20260427uzzi_category_match/85.full.pdf
24510100300,Census Tract 1003; Baltimore city; Maryland,"Baltimore city, Maryland",0,0,NA,NA,NA,NA,NA,NA,24510100300,Excluded from analysis,uzzi2023_reproduction,TRUE,2026-05-05,analysis/20260427uzzi_category_match/85.full.pdf
24510100400,"Census Tract 1004, Baltimore city, Maryland","Baltimore city, Maryland",0,0,NA,NA,NA,NA,NA,NA,24510100400,NA,NA,NA,NA,NA
24510110100,Census Tract 1101; Baltimore city; Maryland,"Baltimore city, Maryland",3,4,274170,535706,274170,535706,NA,NA,24510110100,Contemporary advantage,uzzi2023_reproduction,TRUE,2026-05-05,analysis/20260427uzzi_category_match/85.full.pdf
24510110200,Census Tract 1102; Baltimore city; Maryland,"Baltimore city, Maryland",14,6,2684060,1203232,2684060,1203232,NA,NA,24510110200,Contemporary advantage,uzzi2023_reproduction,TRUE,2026-05-05,analysis/20260427uzzi_category_match/85.full.pdf
24510120100,Census Tract 1201; Baltimore city; Maryland,"Baltimore city, Maryland",9,13,3646609,4800160,3646609,4800160,NA,NA,24510120100,Sustained advantage,uzzi2023_reproduction,TRUE,2026-05-05,analysis/20260427uzzi_category_match/85.full.pdf
24510120200,"Census Tract 1202, Baltimore city, Maryland","Baltimore city, Maryland",0,0,NA,NA,NA,NA,NA,NA,24510120200,NA,NA,NA,NA,NA
24510120201,Census Tract 1202.01; Baltimore city; Maryland,"Baltimore city, Maryland",3,4,447084,682874,447084,682874,NA,NA,24510120201,Excluded from analysis,uzzi2023_reproduction,TRUE,2026-05-05,analysis/20260427uzzi_category_match/85.full.pdf
24510120202,Census Tract 1202.02; Baltimore city; Maryland,"Baltimore city, Maryland",1,4,241736,928841,241736,928841,NA,NA,24510120202,Excluded from analysis,uzzi2023_reproduction,TRUE,2026-05-05,analysis/20260427uzzi_category_match/85.full.pdf
24510120300,Census Tract 1203; Baltimore city; Maryland,"Baltimore city, Maryland",8,4,1499390,-1487087,1499390,276163,NA,-1763250,24510120300,Contemporary advantage,uzzi2023_reproduction,TRUE,2026-05-05,analysis/20260427uzzi_category_match/85.full.pdf
24510120400,Census Tract 1204; Baltimore city; Maryland,"Baltimore city, Maryland",3,0,-22223,NA,4703,NA,-26926,NA,24510120400,Sustained disadvantage,uzzi2023_reproduction,TRUE,2026-05-05,analysis/20260427uzzi_category_match/85.full.pdf
24510120500,Census Tract 1205; Baltimore city; Maryland,"Baltimore city, Maryland",3,4,495751,806555,495751,806555,NA,NA,24510120500,Contemporary advantage,uzzi2023_reproduction,TRUE,2026-05-05,analysis/20260427uzzi_category_match/85.full.pdf
24510120600,Census Tract 1206; Baltimore city; Maryland,"Baltimore city, Maryland",1,1,207431,293398,207431,293398,NA,NA,24510120600,Sustained disadvantage,uzzi2023_reproduction,TRUE,2026-05-05,analysis/20260427uzzi_category_match/85.full.pdf
24510120700,Census Tract 1207; Baltimore city; Maryland,"Baltimore city, Maryland",4,8,560786,1273207,560786,1370429,NA,-97222,24510120700,Excluded from analysis,uzzi2023_reproduction,TRUE,2026-05-05,analysis/20260427uzzi_category_match/85.full.pdf
24510130100,Census Tract 1301; Baltimore city; Maryland,"Baltimore city, Maryland",2,3,360217,124414,360217,124414,NA,NA,24510130100,Sustained disadvantage,uzzi2023_reproduction,TRUE,2026-05-05,analysis/20260427uzzi_category_match/85.full.pdf
24510130200,Census Tract 1302; Baltimore city; Maryland,"Baltimore city, Maryland",4,1,739811,103093,739811,103093,NA,NA,24510130200,Contemporary advantage,uzzi2023_reproduction,TRUE,2026-05-05,analysis/20260427uzzi_category_match/85.full.pdf
24510130300,Census Tract 1303; Baltimore city; Maryland,"Baltimore city, Maryland",13,2,1814084,189405,1814084,189405,NA,NA,24510130300,Sustained disadvantage,uzzi2023_reproduction,TRUE,2026-05-05,analysis/20260427uzzi_category_match/85.full.pdf
24510130400,Census Tract 1304; Baltimore city; Maryland,"Baltimore city, Maryland",14,2,1508157,151850,1508157,151850,NA,NA,24510130400,Excluded from analysis,uzzi2023_reproduction,TRUE,2026-05-05,analysis/20260427uzzi_category_match/85.full.pdf
24510130600,Census Tract 1306; Baltimore city; Maryland,"Baltimore city, Maryland",9,8,1796416,1633004,1796416,1633004,NA,NA,24510130600,Contemporary advantage,uzzi2023_reproduction,TRUE,2026-05-05,analysis/20260427uzzi_category_match/85.full.pdf
24510130700,Census Tract 1307; Baltimore city; Maryland,"Baltimore city, Maryland",7,6,1598080,903428,1598080,903428,NA,NA,24510130700,Contemporary advantage,uzzi2023_reproduction,TRUE,2026-05-05,analysis/20260427uzzi_category_match/85.full.pdf
24510130803,Census Tract 1308.03; Baltimore city; Maryland,"Baltimore city, Maryland",10,10,1850715,1564965,1850715,1564965,NA,NA,24510130803,Sustained advantage,uzzi2023_reproduction,TRUE,2026-05-05,analysis/20260427uzzi_category_match/85.full.pdf
24510130804,Census Tract 1308.04; Baltimore city; Maryland,"Baltimore city, Maryland",6,3,1030249,170452,1030249,170452,NA,NA,24510130804,Contemporary advantage,uzzi2023_reproduction,TRUE,2026-05-05,analysis/20260427uzzi_category_match/85.full.pdf
24510130805,Census Tract 1308.05; Baltimore city; Maryland,"Baltimore city, Maryland",0,1,NA,152704,NA,152704,NA,NA,24510130805,Excluded from analysis,uzzi2023_reproduction,TRUE,2026-05-05,analysis/20260427uzzi_category_match/85.full.pdf
24510130806,Census Tract 1308.06; Baltimore city; Maryland,"Baltimore city, Maryland",2,1,382563,51091,382563,51091,NA,NA,24510130806,Excluded from analysis,uzzi2023_reproduction,TRUE,2026-05-05,analysis/20260427uzzi_category_match/85.full.pdf
24510140100,Census Tract 1401; Baltimore city; Maryland,"Baltimore city, Maryland",4,7,1241968,2066923,1241968,2163683,NA,-96760,24510140100,Contemporary advantage,uzzi2023_reproduction,TRUE,2026-05-05,analysis/20260427uzzi_category_match/85.full.pdf
24510140200,Census Tract 1402; Baltimore city; Maryland,"Baltimore city, Maryland",8,0,827295,NA,827835,NA,-540,NA,24510140200,Sustained disadvantage,uzzi2023_reproduction,TRUE,2026-05-05,analysis/20260427uzzi_category_match/85.full.pdf
24510140300,Census Tract 1403; Baltimore city; Maryland,"Baltimore city, Maryland",15,1,1780161,74829,1780161,74829,NA,NA,24510140300,Sustained disadvantage,uzzi2023_reproduction,TRUE,2026-05-05,analysis/20260427uzzi_category_match/85.full.pdf
24510150100,Census Tract 1501; Baltimore city; Maryland,"Baltimore city, Maryland",13,3,1122742,174659,1138677,174659,-15935,NA,24510150100,Sustained disadvantage,uzzi2023_reproduction,TRUE,2026-05-05,analysis/20260427uzzi_category_match/85.full.pdf
24510150200,Census Tract 1502; Baltimore city; Maryland,"Baltimore city, Maryland",48,4,3607554,299738,3607554,337858,NA,-38120,24510150200,Sustained disadvantage,uzzi2023_reproduction,TRUE,2026-05-05,analysis/20260427uzzi_category_match/85.full.pdf
24510150300,Census Tract 1503; Baltimore city; Maryland,"Baltimore city, Maryland",29,4,2437624,192944,2455689,197844,-18065,-4900,24510150300,Sustained disadvantage,uzzi2023_reproduction,TRUE,2026-05-05,analysis/20260427uzzi_category_match/85.full.pdf
24510150400,Census Tract 1504; Baltimore city; Maryland,"Baltimore city, Maryland",25,4,2152333,379014,2152535,379014,-202,NA,24510150400,Excluded from analysis,uzzi2023_reproduction,TRUE,2026-05-05,analysis/20260427uzzi_category_match/85.full.pdf
24510150500,Census Tract 1505; Baltimore city; Maryland,"Baltimore city, Maryland",10,1,1878858,172276,1878858,172276,NA,NA,24510150500,Excluded from analysis,uzzi2023_reproduction,TRUE,2026-05-05,analysis/20260427uzzi_category_match/85.full.pdf
24510150600,Census Tract 1506; Baltimore city; Maryland,"Baltimore city, Maryland",26,8,3401148,925831,3401148,925831,NA,NA,24510150600,Excluded from analysis,uzzi2023_reproduction,TRUE,2026-05-05,analysis/20260427uzzi_category_match/85.full.pdf
24510150701,Census Tract 1507.01; Baltimore city; Maryland,"Baltimore city, Maryland",12,5,1622691,552461,1622691,552461,NA,NA,24510150701,Excluded from analysis,uzzi2023_reproduction,TRUE,2026-05-05,analysis/20260427uzzi_category_match/85.full.pdf
24510150702,Census Tract 1507.02; Baltimore city; Maryland,"Baltimore city, Maryland",16,5,2890207,743301,2892334,743301,-2127,NA,24510150702,Previous advantage,uzzi2023_reproduction,TRUE,2026-05-05,analysis/20260427uzzi_category_match/85.full.pdf
24510150800,Census Tract 1508; Baltimore city; Maryland,"Baltimore city, Maryland",18,5,4288312,930265,4288312,930265,NA,NA,24510150800,Previous advantage,uzzi2023_reproduction,TRUE,2026-05-05,analysis/20260427uzzi_category_match/85.full.pdf
24510150900,Census Tract 1509; Baltimore city; Maryland,"Baltimore city, Maryland",26,7,3887587,1074861,3887587,1074861,NA,NA,24510150900,Previous advantage,uzzi2023_reproduction,TRUE,2026-05-05,analysis/20260427uzzi_category_match/85.full.pdf
24510151000,Census Tract 1510; Baltimore city; Maryland,"Baltimore city, Maryland",21,8,3521720,1583874,3521720,1583874,NA,NA,24510151000,Previous advantage,uzzi2023_reproduction,TRUE,2026-05-05,analysis/20260427uzzi_category_match/85.full.pdf
24510151100,Census Tract 1511; Baltimore city; Maryland,"Baltimore city, Maryland",37,11,6278892,2030091,6330995,2089092,-52103,-59001,24510151100,Previous advantage,uzzi2023_reproduction,TRUE,2026-05-05,analysis/20260427uzzi_category_match/85.full.pdf
24510151200,Census Tract 1512; Baltimore city; Maryland,"Baltimore city, Maryland",24,4,3165837,341701,3165837,341701,NA,NA,24510151200,Sustained disadvantage,uzzi2023_reproduction,TRUE,2026-05-05,analysis/20260427uzzi_category_match/85.full.pdf
24510151300,Census Tract 1513; Baltimore city; Maryland,"Baltimore city, Maryland",23,5,2900085,390130,2900085,436911,NA,-46781,24510151300,Sustained disadvantage,uzzi2023_reproduction,TRUE,2026-05-05,analysis/20260427uzzi_category_match/85.full.pdf
24510160100,Census Tract 1601; Baltimore city; Maryland,"Baltimore city, Maryland",18,4,1617735,594827,1617735,594827,NA,NA,24510160100,Sustained disadvantage,uzzi2023_reproduction,TRUE,2026-05-05,analysis/20260427uzzi_category_match/85.full.pdf
24510160200,Census Tract 1602; Baltimore city; Maryland,"Baltimore city, Maryland",14,0,1677029,NA,1677029,NA,NA,NA,24510160200,Sustained disadvantage,uzzi2023_reproduction,TRUE,2026-05-05,analysis/20260427uzzi_category_match/85.full.pdf
24510160300,Census Tract 1603; Baltimore city; Maryland,"Baltimore city, Maryland",11,0,1004050,NA,1004050,NA,NA,NA,24510160300,Sustained disadvantage,uzzi2023_reproduction,TRUE,2026-05-05,analysis/20260427uzzi_category_match/85.full.pdf
24510160400,Census Tract 1604; Baltimore city; Maryland,"Baltimore city, Maryland",61,2,4976928,159713,4976928,159713,NA,NA,24510160400,Sustained disadvantage,uzzi2023_reproduction,TRUE,2026-05-05,analysis/20260427uzzi_category_match/85.full.pdf
24510160500,Census Tract 1605; Baltimore city; Maryland,"Baltimore city, Maryland",36,9,3695658,1238192,3695658,1238192,NA,NA,24510160500,Sustained disadvantage,uzzi2023_reproduction,TRUE,2026-05-05,analysis/20260427uzzi_category_match/85.full.pdf
24510160600,Census Tract 1606; Baltimore city; Maryland,"Baltimore city, Maryland",28,5,2347794,152848,2347794,331964,NA,-179116,24510160600,Sustained disadvantage,uzzi2023_reproduction,TRUE,2026-05-05,analysis/20260427uzzi_category_match/85.full.pdf
24510160700,Census Tract 1607; Baltimore city; Maryland,"Baltimore city, Maryland",50,5,4482995,316928,4484764,316928,-1769,NA,24510160700,Sustained disadvantage,uzzi2023_reproduction,TRUE,2026-05-05,analysis/20260427uzzi_category_match/85.full.pdf
24510160801,Census Tract 1608.01; Baltimore city; Maryland,"Baltimore city, Maryland",31,6,4558336,774105,4558336,783697,NA,-9592,24510160801,Previous advantage,uzzi2023_reproduction,TRUE,2026-05-05,analysis/20260427uzzi_category_match/85.full.pdf
24510160802,Census Tract 1608.02; Baltimore city; Maryland,"Baltimore city, Maryland",36,9,4606379,1151589,4675269,1151589,-68890,NA,24510160802,Excluded from analysis,uzzi2023_reproduction,TRUE,2026-05-05,analysis/20260427uzzi_category_match/85.full.pdf
24510170100,Census Tract 1701; Baltimore city; Maryland,"Baltimore city, Maryland",2,2,337918,393993,337918,393993,NA,NA,24510170100,Sustained disadvantage,uzzi2023_reproduction,TRUE,2026-05-05,analysis/20260427uzzi_category_match/85.full.pdf
24510170200,Census Tract 1702; Baltimore city; Maryland,"Baltimore city, Maryland",0,0,NA,NA,NA,NA,NA,NA,24510170200,Sustained disadvantage,uzzi2023_reproduction,TRUE,2026-05-05,analysis/20260427uzzi_category_match/85.full.pdf
24510170300,Census Tract 1703; Baltimore city; Maryland,"Baltimore city, Maryland",3,1,422867,209672,422867,209672,NA,NA,24510170300,Sustained disadvantage,uzzi2023_reproduction,TRUE,2026-05-05,analysis/20260427uzzi_category_match/85.full.pdf
24510180100,"Census Tract 1801, Baltimore city, Maryland","Baltimore city, Maryland",0,0,NA,NA,NA,NA,NA,NA,24510180100,Sustained disadvantage,uzzi2023_reproduction,TRUE,2026-05-05,analysis/20260427uzzi_category_match/85.full.pdf
24510180200,"Census Tract 1802, Baltimore city, Maryland","Baltimore city, Maryland",0,0,NA,NA,NA,NA,NA,NA,24510180200,Sustained disadvantage,uzzi2023_reproduction,TRUE,2026-05-05,analysis/20260427uzzi_category_match/85.full.pdf
24510180300,Census Tract 1803; Baltimore city; Maryland,"Baltimore city, Maryland",11,0,1131653,NA,1157621,NA,-25968,NA,24510180300,Contemporary advantage,uzzi2023_reproduction,TRUE,2026-05-05,analysis/20260427uzzi_category_match/85.full.pdf
24510190100,Census Tract 1901; Baltimore city; Maryland,"Baltimore city, Maryland",19,3,1995454,467292,1995454,467292,NA,NA,24510190100,Sustained disadvantage,uzzi2023_reproduction,TRUE,2026-05-05,analysis/20260427uzzi_category_match/85.full.pdf
24510190200,Census Tract 1902; Baltimore city; Maryland,"Baltimore city, Maryland",20,2,1814669,421025,1920687,421025,-106018,NA,24510190200,Sustained disadvantage,uzzi2023_reproduction,TRUE,2026-05-05,analysis/20260427uzzi_category_match/85.full.pdf
24510190300,Census Tract 1903; Baltimore city; Maryland,"Baltimore city, Maryland",16,3,1298035,279840,1333530,279840,-35495,NA,24510190300,Sustained disadvantage,uzzi2023_reproduction,TRUE,2026-05-05,analysis/20260427uzzi_category_match/85.full.pdf
24510200100,Census Tract 2001; Baltimore city; Maryland,"Baltimore city, Maryland",23,2,2012167,77077,2012167,82793,NA,-5716,24510200100,Sustained disadvantage,uzzi2023_reproduction,TRUE,2026-05-05,analysis/20260427uzzi_category_match/85.full.pdf
24510200200,Census Tract 2002; Baltimore city; Maryland,"Baltimore city, Maryland",57,7,4297401,529354,4297401,529354,NA,NA,24510200200,Sustained disadvantage,uzzi2023_reproduction,TRUE,2026-05-05,analysis/20260427uzzi_category_match/85.full.pdf
24510200300,Census Tract 2003; Baltimore city; Maryland,"Baltimore city, Maryland",17,6,1122161,432596,1122161,432596,NA,NA,24510200300,Sustained disadvantage,uzzi2023_reproduction,TRUE,2026-05-05,analysis/20260427uzzi_category_match/85.full.pdf
24510200400,Census Tract 2004; Baltimore city; Maryland,"Baltimore city, Maryland",12,2,819740,113551,819740,113551,NA,NA,24510200400,Sustained disadvantage,uzzi2023_reproduction,TRUE,2026-05-05,analysis/20260427uzzi_category_match/85.full.pdf
24510200500,Census Tract 2005; Baltimore city; Maryland,"Baltimore city, Maryland",22,6,1576394,418516,1576394,418879,NA,-363,24510200500,Sustained disadvantage,uzzi2023_reproduction,TRUE,2026-05-05,analysis/20260427uzzi_category_match/85.full.pdf
24510200600,Census Tract 2006; Baltimore city; Maryland,"Baltimore city, Maryland",20,5,2169038,103076,2169038,152898,NA,-49822,24510200600,Excluded from analysis,uzzi2023_reproduction,TRUE,2026-05-05,analysis/20260427uzzi_category_match/85.full.pdf
24510200701,Census Tract 2007.01; Baltimore city; Maryland,"Baltimore city, Maryland",44,3,4846666,387592,4898182,387592,-51516,NA,24510200701,Excluded from analysis,uzzi2023_reproduction,TRUE,2026-05-05,analysis/20260427uzzi_category_match/85.full.pdf
24510200702,Census Tract 2007.02; Baltimore city; Maryland,"Baltimore city, Maryland",13,6,1618121,542840,1618121,548498,NA,-5658,24510200702,Sustained disadvantage,uzzi2023_reproduction,TRUE,2026-05-05,analysis/20260427uzzi_category_match/85.full.pdf
24510200800,Census Tract 2008; Baltimore city; Maryland,"Baltimore city, Maryland",2,2,212970,423675,212970,423675,NA,NA,24510200800,Excluded from analysis,uzzi2023_reproduction,TRUE,2026-05-05,analysis/20260427uzzi_category_match/85.full.pdf
24510210100,Census Tract 2101; Baltimore city; Maryland,"Baltimore city, Maryland",7,5,1060946,505238,1060946,505238,NA,NA,24510210100,Excluded from analysis,uzzi2023_reproduction,TRUE,2026-05-05,analysis/20260427uzzi_category_match/85.full.pdf
24510210200,Census Tract 2102; Baltimore city; Maryland,"Baltimore city, Maryland",12,3,1449104,215728,1449104,226945,NA,-11217,24510210200,Excluded from analysis,uzzi2023_reproduction,TRUE,2026-05-05,analysis/20260427uzzi_category_match/85.full.pdf
24510220100,Census Tract 2201; Baltimore city; Maryland,"Baltimore city, Maryland",5,4,1602871,1078710,1602871,1078710,NA,NA,24510220100,Contemporary advantage,uzzi2023_reproduction,TRUE,2026-05-05,analysis/20260427uzzi_category_match/85.full.pdf
24510230100,Census Tract 2301; Baltimore city; Maryland,"Baltimore city, Maryland",4,2,695318,966056,695318,966056,NA,NA,24510230100,Contemporary advantage,uzzi2023_reproduction,TRUE,2026-05-05,analysis/20260427uzzi_category_match/85.full.pdf
24510230200,Census Tract 2302; Baltimore city; Maryland,"Baltimore city, Maryland",4,2,728193,84645,728193,84645,NA,NA,24510230200,Contemporary advantage,uzzi2023_reproduction,TRUE,2026-05-05,analysis/20260427uzzi_category_match/85.full.pdf
24510230300,Census Tract 2303; Baltimore city; Maryland,"Baltimore city, Maryland",2,8,350814,812743,350814,1043794,NA,-231051,24510230300,Excluded from analysis,uzzi2023_reproduction,TRUE,2026-05-05,analysis/20260427uzzi_category_match/85.full.pdf
24510240100,Census Tract 2401; Baltimore city; Maryland,"Baltimore city, Maryland",4,8,923926,2270764,923926,2270764,NA,NA,24510240100,Excluded from analysis,uzzi2023_reproduction,TRUE,2026-05-05,analysis/20260427uzzi_category_match/85.full.pdf
24510240200,Census Tract 2402; Baltimore city; Maryland,"Baltimore city, Maryland",8,2,3455396,1108459,3455396,1108459,NA,NA,24510240200,Contemporary advantage,uzzi2023_reproduction,TRUE,2026-05-05,analysis/20260427uzzi_category_match/85.full.pdf
24510240300,Census Tract 2403; Baltimore city; Maryland,"Baltimore city, Maryland",0,8,NA,939262,NA,999098,NA,-59836,24510240300,Contemporary advantage,uzzi2023_reproduction,TRUE,2026-05-05,analysis/20260427uzzi_category_match/85.full.pdf
24510240400,Census Tract 2404; Baltimore city; Maryland,"Baltimore city, Maryland",6,7,1474729,1701236,1474729,1701236,NA,NA,24510240400,Excluded from analysis,uzzi2023_reproduction,TRUE,2026-05-05,analysis/20260427uzzi_category_match/85.full.pdf
24510250101,Census Tract 2501.01; Baltimore city; Maryland,"Baltimore city, Maryland",10,5,1553856,574432,1562296,598285,-8440,-23853,24510250101,Excluded from analysis,uzzi2023_reproduction,TRUE,2026-05-05,analysis/20260427uzzi_category_match/85.full.pdf
24510250102,Census Tract 2501.02; Baltimore city; Maryland,"Baltimore city, Maryland",5,1,572364,38951,572364,38951,NA,NA,24510250102,Contemporary advantage,uzzi2023_reproduction,TRUE,2026-05-05,analysis/20260427uzzi_category_match/85.full.pdf
24510250103,Census Tract 2501.03; Baltimore city; Maryland,"Baltimore city, Maryland",11,4,1804153,988757,1811219,988757,-7066,NA,24510250103,Excluded from analysis,uzzi2023_reproduction,TRUE,2026-05-05,analysis/20260427uzzi_category_match/85.full.pdf
24510250203,Census Tract 2502.03; Baltimore city; Maryland,"Baltimore city, Maryland",0,0,NA,NA,NA,NA,NA,NA,24510250203,Excluded from analysis,uzzi2023_reproduction,TRUE,2026-05-05,analysis/20260427uzzi_category_match/85.full.pdf
24510250204,Census Tract 2502.04; Baltimore city; Maryland,"Baltimore city, Maryland",0,0,NA,NA,NA,NA,NA,NA,24510250204,Excluded from analysis,uzzi2023_reproduction,TRUE,2026-05-05,analysis/20260427uzzi_category_match/85.full.pdf
24510250205,Census Tract 2502.05; Baltimore city; Maryland,"Baltimore city, Maryland",14,4,2035456,482002,2035456,482002,NA,NA,24510250205,Excluded from analysis,uzzi2023_reproduction,TRUE,2026-05-05,analysis/20260427uzzi_category_match/85.full.pdf
24510250206,Census Tract 2502.06; Baltimore city; Maryland,"Baltimore city, Maryland",11,5,1230830,430045,1230830,430045,NA,NA,24510250206,Excluded from analysis,uzzi2023_reproduction,TRUE,2026-05-05,analysis/20260427uzzi_category_match/85.full.pdf
24510250207,Census Tract 2502.07; Baltimore city; Maryland,"Baltimore city, Maryland",0,0,NA,NA,NA,NA,NA,NA,24510250207,Excluded from analysis,uzzi2023_reproduction,TRUE,2026-05-05,analysis/20260427uzzi_category_match/85.full.pdf
24510250301,Census Tract 2503.01; Baltimore city; Maryland,"Baltimore city, Maryland",9,3,927202,273836,927202,273836,NA,NA,24510250301,Excluded from analysis,uzzi2023_reproduction,TRUE,2026-05-05,analysis/20260427uzzi_category_match/85.full.pdf
24510250302,"Census Tract 2503.02, Baltimore city, Maryland","Baltimore city, Maryland",0,0,NA,NA,NA,NA,NA,NA,24510250302,NA,NA,NA,NA,NA
24510250303,Census Tract 2503.03; Baltimore city; Maryland,"Baltimore city, Maryland",11,3,826609,381083,834089,381083,-7480,NA,24510250303,Contemporary advantage,uzzi2023_reproduction,TRUE,2026-05-05,analysis/20260427uzzi_category_match/85.full.pdf
24510250401,Census Tract 2504.01; Baltimore city; Maryland,"Baltimore city, Maryland",2,0,511489,NA,511489,NA,NA,NA,24510250401,Excluded from analysis,uzzi2023_reproduction,TRUE,2026-05-05,analysis/20260427uzzi_category_match/85.full.pdf
24510250402,Census Tract 2504.02; Baltimore city; Maryland,"Baltimore city, Maryland",2,0,464442,NA,464442,NA,NA,NA,24510250402,Excluded from analysis,uzzi2023_reproduction,TRUE,2026-05-05,analysis/20260427uzzi_category_match/85.full.pdf
24510250500,Census Tract 2505; Baltimore city; Maryland,"Baltimore city, Maryland",1,0,225104,NA,225104,NA,NA,NA,24510250500,Excluded from analysis,uzzi2023_reproduction,TRUE,2026-05-05,analysis/20260427uzzi_category_match/85.full.pdf
24510250600,Census Tract 2506; Baltimore city; Maryland,"Baltimore city, Maryland",0,0,NA,NA,NA,NA,NA,NA,24510250600,Excluded from analysis,uzzi2023_reproduction,TRUE,2026-05-05,analysis/20260427uzzi_category_match/85.full.pdf
24510260101,Census Tract 2601.01; Baltimore city; Maryland,"Baltimore city, Maryland",14,4,1737923,594706,1737923,594706,NA,NA,24510260101,Sustained advantage,uzzi2023_reproduction,TRUE,2026-05-05,analysis/20260427uzzi_category_match/85.full.pdf
24510260102,Census Tract 2601.02; Baltimore city; Maryland,"Baltimore city, Maryland",11,10,1880936,1305821,1880936,1343712,NA,-37891,24510260102,Sustained advantage,uzzi2023_reproduction,TRUE,2026-05-05,analysis/20260427uzzi_category_match/85.full.pdf
24510260201,Census Tract 2602.01; Baltimore city; Maryland,"Baltimore city, Maryland",9,4,1444268,694517,1462055,694517,-17787,NA,24510260201,Sustained advantage,uzzi2023_reproduction,TRUE,2026-05-05,analysis/20260427uzzi_category_match/85.full.pdf
24510260202,Census Tract 2602.02; Baltimore city; Maryland,"Baltimore city, Maryland",10,5,1015196,617947,1033408,617947,-18212,NA,24510260202,Excluded from analysis,uzzi2023_reproduction,TRUE,2026-05-05,analysis/20260427uzzi_category_match/85.full.pdf
24510260203,Census Tract 2602.03; Baltimore city; Maryland,"Baltimore city, Maryland",5,2,822013,90350,822013,90350,NA,NA,24510260203,Excluded from analysis,uzzi2023_reproduction,TRUE,2026-05-05,analysis/20260427uzzi_category_match/85.full.pdf
24510260301,Census Tract 2603.01; Baltimore city; Maryland,"Baltimore city, Maryland",13,6,1085732,746279,1091871,746279,-6139,NA,24510260301,Previous advantage,uzzi2023_reproduction,TRUE,2026-05-05,analysis/20260427uzzi_category_match/85.full.pdf
24510260302,Census Tract 2603.02; Baltimore city; Maryland,"Baltimore city, Maryland",22,9,2548170,1179363,2553732,1179363,-5562,NA,24510260302,Excluded from analysis,uzzi2023_reproduction,TRUE,2026-05-05,analysis/20260427uzzi_category_match/85.full.pdf
24510260303,Census Tract 2603.03; Baltimore city; Maryland,"Baltimore city, Maryland",0,0,NA,NA,NA,NA,NA,NA,24510260303,Excluded from analysis,uzzi2023_reproduction,TRUE,2026-05-05,analysis/20260427uzzi_category_match/85.full.pdf
24510260401,Census Tract 2604.01; Baltimore city; Maryland,"Baltimore city, Maryland",0,0,NA,NA,NA,NA,NA,NA,24510260401,Excluded from analysis,uzzi2023_reproduction,TRUE,2026-05-05,analysis/20260427uzzi_category_match/85.full.pdf
24510260402,Census Tract 2604.02; Baltimore city; Maryland,"Baltimore city, Maryland",3,3,432229,224489,432229,224489,NA,NA,24510260402,Excluded from analysis,uzzi2023_reproduction,TRUE,2026-05-05,analysis/20260427uzzi_category_match/85.full.pdf
24510260403,Census Tract 2604.03; Baltimore city; Maryland,"Baltimore city, Maryland",0,0,NA,NA,NA,NA,NA,NA,24510260403,Excluded from analysis,uzzi2023_reproduction,TRUE,2026-05-05,analysis/20260427uzzi_category_match/85.full.pdf
24510260404,Census Tract 2604.04; Baltimore city; Maryland,"Baltimore city, Maryland",7,0,865518,NA,865518,NA,NA,NA,24510260404,Excluded from analysis,uzzi2023_reproduction,TRUE,2026-05-05,analysis/20260427uzzi_category_match/85.full.pdf
24510260501,Census Tract 2605.01; Baltimore city; Maryland,"Baltimore city, Maryland",22,13,2986628,2035146,3006608,2035146,-19980,NA,24510260501,Excluded from analysis,uzzi2023_reproduction,TRUE,2026-05-05,analysis/20260427uzzi_category_match/85.full.pdf
24510260604,Census Tract 2606.04; Baltimore city; Maryland,"Baltimore city, Maryland",0,1,NA,152659,NA,152659,NA,NA,24510260604,Excluded from analysis,uzzi2023_reproduction,TRUE,2026-05-05,analysis/20260427uzzi_category_match/85.full.pdf
24510260605,Census Tract 2606.05; Baltimore city; Maryland,"Baltimore city, Maryland",6,4,936814,446723,936814,446723,NA,NA,24510260605,Excluded from analysis,uzzi2023_reproduction,TRUE,2026-05-05,analysis/20260427uzzi_category_match/85.full.pdf
24510260700,Census Tract 2607; Baltimore city; Maryland,"Baltimore city, Maryland",8,9,1339984,1579032,1339984,1579032,NA,NA,24510260700,Excluded from analysis,uzzi2023_reproduction,TRUE,2026-05-05,analysis/20260427uzzi_category_match/85.full.pdf
24510260800,Census Tract 2608; Baltimore city; Maryland,"Baltimore city, Maryland",9,1,1165278,192655,1187547,192655,-22269,NA,24510260800,Contemporary advantage,uzzi2023_reproduction,TRUE,2026-05-05,analysis/20260427uzzi_category_match/85.full.pdf
24510260900,Census Tract 2609; Baltimore city; Maryland,"Baltimore city, Maryland",9,13,1854761,1644068,1854761,1815088,NA,-171020,24510260900,Contemporary advantage,uzzi2023_reproduction,TRUE,2026-05-05,analysis/20260427uzzi_category_match/85.full.pdf
24510261000,Census Tract 2610; Baltimore city; Maryland,"Baltimore city, Maryland",10,3,1032831,581447,1032831,581447,NA,NA,24510261000,Contemporary advantage,uzzi2023_reproduction,TRUE,2026-05-05,analysis/20260427uzzi_category_match/85.full.pdf
24510261100,Census Tract 2611; Baltimore city; Maryland,"Baltimore city, Maryland",3,3,861070,611889,861070,611889,NA,NA,24510261100,Contemporary advantage,uzzi2023_reproduction,TRUE,2026-05-05,analysis/20260427uzzi_category_match/85.full.pdf
24510270101,Census Tract 2701.01; Baltimore city; Maryland,"Baltimore city, Maryland",3,1,344958,257659,344958,257659,NA,NA,24510270101,Sustained advantage,uzzi2023_reproduction,TRUE,2026-05-05,analysis/20260427uzzi_category_match/85.full.pdf
24510270102,Census Tract 2701.02; Baltimore city; Maryland,"Baltimore city, Maryland",7,10,895288,1394201,915722,1416948,-20434,-22747,24510270102,Sustained advantage,uzzi2023_reproduction,TRUE,2026-05-05,analysis/20260427uzzi_category_match/85.full.pdf
24510270200,Census Tract 2702; Baltimore city; Maryland,"Baltimore city, Maryland",3,1,773935,2690,773935,2690,NA,NA,24510270200,Sustained advantage,uzzi2023_reproduction,TRUE,2026-05-05,analysis/20260427uzzi_category_match/85.full.pdf
24510270301,Census Tract 2703.01; Baltimore city; Maryland,"Baltimore city, Maryland",14,7,2829442,1248880,2829442,1248880,NA,NA,24510270301,Sustained advantage,uzzi2023_reproduction,TRUE,2026-05-05,analysis/20260427uzzi_category_match/85.full.pdf
24510270302,Census Tract 2703.02; Baltimore city; Maryland,"Baltimore city, Maryland",3,4,516572,426770,516572,426770,NA,NA,24510270302,Sustained advantage,uzzi2023_reproduction,TRUE,2026-05-05,analysis/20260427uzzi_category_match/85.full.pdf
24510270401,Census Tract 2704.01; Baltimore city; Maryland,"Baltimore city, Maryland",9,8,1275795,1068159,1525179,1068159,-249384,NA,24510270401,Sustained advantage,uzzi2023_reproduction,TRUE,2026-05-05,analysis/20260427uzzi_category_match/85.full.pdf
24510270402,Census Tract 2704.02; Baltimore city; Maryland,"Baltimore city, Maryland",10,5,1856570,857192,1856570,857192,NA,NA,24510270402,Sustained advantage,uzzi2023_reproduction,TRUE,2026-05-05,analysis/20260427uzzi_category_match/85.full.pdf
24510270501,Census Tract 2705.01; Baltimore city; Maryland,"Baltimore city, Maryland",3,2,441316,217111,467739,217111,-26423,NA,24510270501,Sustained advantage,uzzi2023_reproduction,TRUE,2026-05-05,analysis/20260427uzzi_category_match/85.full.pdf
24510270502,Census Tract 2705.02; Baltimore city; Maryland,"Baltimore city, Maryland",13,10,2288322,1727470,2288322,1727470,NA,NA,24510270502,Sustained advantage,uzzi2023_reproduction,TRUE,2026-05-05,analysis/20260427uzzi_category_match/85.full.pdf
24510270600,Census Tract 2706; Baltimore city; Maryland,"Baltimore city, Maryland",12,6,1514667,1092619,1533459,1092619,-18792,NA,24510270600,Sustained advantage,uzzi2023_reproduction,TRUE,2026-05-05,analysis/20260427uzzi_category_match/85.full.pdf
24510270701,Census Tract 2707.01; Baltimore city; Maryland,"Baltimore city, Maryland",0,0,NA,NA,NA,NA,NA,NA,24510270701,Excluded from analysis,uzzi2023_reproduction,TRUE,2026-05-05,analysis/20260427uzzi_category_match/85.full.pdf
24510270702,Census Tract 2707.02; Baltimore city; Maryland,"Baltimore city, Maryland",1,3,234078,317414,234078,317414,NA,NA,24510270702,Sustained advantage,uzzi2023_reproduction,TRUE,2026-05-05,analysis/20260427uzzi_category_match/85.full.pdf
24510270703,Census Tract 2707.03; Baltimore city; Maryland,"Baltimore city, Maryland",0,1,NA,328720,NA,328720,NA,NA,24510270703,Sustained advantage,uzzi2023_reproduction,TRUE,2026-05-05,analysis/20260427uzzi_category_match/85.full.pdf
24510270801,Census Tract 2708.01; Baltimore city; Maryland,"Baltimore city, Maryland",14,3,1906603,531221,1906603,531221,NA,NA,24510270801,Excluded from analysis,uzzi2023_reproduction,TRUE,2026-05-05,analysis/20260427uzzi_category_match/85.full.pdf
24510270802,Census Tract 2708.02; Baltimore city; Maryland,"Baltimore city, Maryland",15,3,2107004,501240,2110336,501240,-3332,NA,24510270802,Excluded from analysis,uzzi2023_reproduction,TRUE,2026-05-05,analysis/20260427uzzi_category_match/85.full.pdf
24510270803,Census Tract 2708.03; Baltimore city; Maryland,"Baltimore city, Maryland",10,6,1303841,981831,1303841,981831,NA,NA,24510270803,Excluded from analysis,uzzi2023_reproduction,TRUE,2026-05-05,analysis/20260427uzzi_category_match/85.full.pdf
24510270804,Census Tract 2708.04; Baltimore city; Maryland,"Baltimore city, Maryland",8,4,2687894,908450,2687894,908450,NA,NA,24510270804,Sustained advantage,uzzi2023_reproduction,TRUE,2026-05-05,analysis/20260427uzzi_category_match/85.full.pdf
24510270805,Census Tract 2708.05; Baltimore city; Maryland,"Baltimore city, Maryland",32,18,5024508,2725975,5024508,2744686,NA,-18711,24510270805,Excluded from analysis,uzzi2023_reproduction,TRUE,2026-05-05,analysis/20260427uzzi_category_match/85.full.pdf
24510270901,Census Tract 2709.01; Baltimore city; Maryland,"Baltimore city, Maryland",24,5,3443399,521113,3488704,526249,-45305,-5136,24510270901,Sustained advantage,uzzi2023_reproduction,TRUE,2026-05-05,analysis/20260427uzzi_category_match/85.full.pdf
24510270902,Census Tract 2709.02; Baltimore city; Maryland,"Baltimore city, Maryland",16,3,2105931,329593,2105931,329593,NA,NA,24510270902,Excluded from analysis,uzzi2023_reproduction,TRUE,2026-05-05,analysis/20260427uzzi_category_match/85.full.pdf
24510270903,Census Tract 2709.03; Baltimore city; Maryland,"Baltimore city, Maryland",19,3,3630434,354375,3630434,354375,NA,NA,24510270903,Sustained advantage,uzzi2023_reproduction,TRUE,2026-05-05,analysis/20260427uzzi_category_match/85.full.pdf
24510271001,Census Tract 2710.01; Baltimore city; Maryland,"Baltimore city, Maryland",14,0,2058756,NA,2058756,NA,NA,NA,24510271001,Previous advantage,uzzi2023_reproduction,TRUE,2026-05-05,analysis/20260427uzzi_category_match/85.full.pdf
24510271002,Census Tract 2710.02; Baltimore city; Maryland,"Baltimore city, Maryland",22,3,3296602,334771,3337583,334771,-40981,NA,24510271002,Previous advantage,uzzi2023_reproduction,TRUE,2026-05-05,analysis/20260427uzzi_category_match/85.full.pdf
24510271101,Census Tract 2711.01; Baltimore city; Maryland,"Baltimore city, Maryland",6,6,939929,824314,939929,824314,NA,NA,24510271101,Excluded from analysis,uzzi2023_reproduction,TRUE,2026-05-05,analysis/20260427uzzi_category_match/85.full.pdf
24510271102,Census Tract 2711.02; Baltimore city; Maryland,"Baltimore city, Maryland",2,7,1909586,3556019,1909586,3556019,NA,NA,24510271102,Sustained advantage,uzzi2023_reproduction,TRUE,2026-05-05,analysis/20260427uzzi_category_match/85.full.pdf
24510271200,Census Tract 2712; Baltimore city; Maryland,"Baltimore city, Maryland",15,15,6895178,6493601,6895178,6493601,NA,NA,24510271200,Sustained advantage,uzzi2023_reproduction,TRUE,2026-05-05,analysis/20260427uzzi_category_match/85.full.pdf
24510271300,Census Tract 2713; Baltimore city; Maryland,"Baltimore city, Maryland",6,6,3748293,4026757,3748293,4026757,NA,NA,24510271300,Excluded from analysis,uzzi2023_reproduction,TRUE,2026-05-05,analysis/20260427uzzi_category_match/85.full.pdf
24510271400,Census Tract 2714; Baltimore city; Maryland,"Baltimore city, Maryland",8,11,2735862,6270998,2735862,6270998,NA,NA,24510271400,Excluded from analysis,uzzi2023_reproduction,TRUE,2026-05-05,analysis/20260427uzzi_category_match/85.full.pdf
24510271501,Census Tract 2715.01; Baltimore city; Maryland,"Baltimore city, Maryland",17,5,6689896,2061034,6689896,2061034,NA,NA,24510271501,Excluded from analysis,uzzi2023_reproduction,TRUE,2026-05-05,analysis/20260427uzzi_category_match/85.full.pdf
24510271503,Census Tract 2715.03; Baltimore city; Maryland,"Baltimore city, Maryland",2,2,225192,431119,225192,431119,NA,NA,24510271503,Excluded from analysis,uzzi2023_reproduction,TRUE,2026-05-05,analysis/20260427uzzi_category_match/85.full.pdf
24510271600,Census Tract 2716; Baltimore city; Maryland,"Baltimore city, Maryland",20,2,3074033,378398,3074033,378398,NA,NA,24510271600,Sustained disadvantage,uzzi2023_reproduction,TRUE,2026-05-05,analysis/20260427uzzi_category_match/85.full.pdf
24510271700,Census Tract 2717; Baltimore city; Maryland,"Baltimore city, Maryland",44,2,5187218,238154,5195089,238154,-7871,NA,24510271700,Excluded from analysis,uzzi2023_reproduction,TRUE,2026-05-05,analysis/20260427uzzi_category_match/85.full.pdf
24510271801,Census Tract 2718.01; Baltimore city; Maryland,"Baltimore city, Maryland",33,6,4472478,751398,4472478,751398,NA,NA,24510271801,Previous advantage,uzzi2023_reproduction,TRUE,2026-05-05,analysis/20260427uzzi_category_match/85.full.pdf
24510271802,Census Tract 2718.02; Baltimore city; Maryland,"Baltimore city, Maryland",15,3,1648328,240172,1686725,240172,-38397,NA,24510271802,Sustained disadvantage,uzzi2023_reproduction,TRUE,2026-05-05,analysis/20260427uzzi_category_match/85.full.pdf
24510271900,Census Tract 2719; Baltimore city; Maryland,"Baltimore city, Maryland",28,7,5493213,1739256,5493213,1739256,NA,NA,24510271900,Sustained advantage,uzzi2023_reproduction,TRUE,2026-05-05,analysis/20260427uzzi_category_match/85.full.pdf
24510272001,"Census Tract 2720.01, Baltimore city, Maryland","Baltimore city, Maryland",0,0,NA,NA,NA,NA,NA,NA,24510272001,NA,NA,NA,NA,NA
24510272002,"Census Tract 2720.02, Baltimore city, Maryland","Baltimore city, Maryland",0,0,NA,NA,NA,NA,NA,NA,24510272002,NA,NA,NA,NA,NA
24510272003,Census Tract 2720.03; Baltimore city; Maryland,"Baltimore city, Maryland",17,7,5782297,1223427,5782297,1223427,NA,NA,24510272003,Sustained advantage,uzzi2023_reproduction,TRUE,2026-05-05,analysis/20260427uzzi_category_match/85.full.pdf
24510272004,Census Tract 2720.04; Baltimore city; Maryland,"Baltimore city, Maryland",4,3,1462609,654826,1462609,667255,NA,-12429,24510272004,Excluded from analysis,uzzi2023_reproduction,TRUE,2026-05-05,analysis/20260427uzzi_category_match/85.full.pdf
24510272005,Census Tract 2720.05; Baltimore city; Maryland,"Baltimore city, Maryland",2,9,795815,1653229,795815,1653229,NA,NA,24510272005,Excluded from analysis,uzzi2023_reproduction,TRUE,2026-05-05,analysis/20260427uzzi_category_match/85.full.pdf
24510272006,Census Tract 2720.06; Baltimore city; Maryland,"Baltimore city, Maryland",13,5,2894026,1124315,2894026,1124315,NA,NA,24510272006,Previous advantage,uzzi2023_reproduction,TRUE,2026-05-05,analysis/20260427uzzi_category_match/85.full.pdf
24510272007,Census Tract 2720.07; Baltimore city; Maryland,"Baltimore city, Maryland",3,2,436954,245307,436954,245307,NA,NA,24510272007,Excluded from analysis,uzzi2023_reproduction,TRUE,2026-05-05,analysis/20260427uzzi_category_match/85.full.pdf
24510280101,Census Tract 2801.01; Baltimore city; Maryland,"Baltimore city, Maryland",21,5,2643634,683160,2643634,683160,NA,NA,24510280101,Excluded from analysis,uzzi2023_reproduction,TRUE,2026-05-05,analysis/20260427uzzi_category_match/85.full.pdf
24510280102,Census Tract 2801.02; Baltimore city; Maryland,"Baltimore city, Maryland",10,3,1625880,324233,1625880,324233,NA,NA,24510280102,Excluded from analysis,uzzi2023_reproduction,TRUE,2026-05-05,analysis/20260427uzzi_category_match/85.full.pdf
24510280200,Census Tract 2802; Baltimore city; Maryland,"Baltimore city, Maryland",1,1,253439,323741,253439,323741,NA,NA,24510280200,Sustained advantage,uzzi2023_reproduction,TRUE,2026-05-05,analysis/20260427uzzi_category_match/85.full.pdf
24510280301,Census Tract 2803.01; Baltimore city; Maryland,"Baltimore city, Maryland",2,3,591234,889041,591234,889041,NA,NA,24510280301,Excluded from analysis,uzzi2023_reproduction,TRUE,2026-05-05,analysis/20260427uzzi_category_match/85.full.pdf
24510280302,Census Tract 2803.02; Baltimore city; Maryland,"Baltimore city, Maryland",9,0,1497931,NA,1497931,NA,NA,NA,24510280302,Previous advantage,uzzi2023_reproduction,TRUE,2026-05-05,analysis/20260427uzzi_category_match/85.full.pdf
24510280401,Census Tract 2804.01; Baltimore city; Maryland,"Baltimore city, Maryland",13,9,2532390,1294219,2532390,1299077,NA,-4858,24510280401,Excluded from analysis,uzzi2023_reproduction,TRUE,2026-05-05,analysis/20260427uzzi_category_match/85.full.pdf
24510280402,Census Tract 2804.02; Baltimore city; Maryland,"Baltimore city, Maryland",32,3,4818300,537936,4818300,537936,NA,NA,24510280402,Previous advantage,uzzi2023_reproduction,TRUE,2026-05-05,analysis/20260427uzzi_category_match/85.full.pdf
24510280403,Census Tract 2804.03; Baltimore city; Maryland,"Baltimore city, Maryland",8,6,1530600,502420,1530600,502420,NA,NA,24510280403,Excluded from analysis,uzzi2023_reproduction,TRUE,2026-05-05,analysis/20260427uzzi_category_match/85.full.pdf
24510280404,Census Tract 2804.04; Baltimore city; Maryland,"Baltimore city, Maryland",8,3,1373673,454386,1373673,454386,NA,NA,24510280404,Excluded from analysis,uzzi2023_reproduction,TRUE,2026-05-05,analysis/20260427uzzi_category_match/85.full.pdf
24510280500,Census Tract 2805; Baltimore city; Maryland,"Baltimore city, Maryland",0,0,NA,NA,NA,NA,NA,NA,24510280500,Sustained disadvantage,uzzi2023_reproduction,TRUE,2026-05-05,analysis/20260427uzzi_category_match/85.full.pdf
24510280600,Census Tract 2806; Baltimore city; Maryland,"Baltimore city, Maryland",9,1,1293915,175472,1293915,175472,NA,NA,24510280600,NA,NA,NA,NA,NA
24003750201,Census Tract 7502.01; Anne Arundel County; Maryland,"Anne Arundel County, Maryland",2,4,615931,1107018,615931,1107018,NA,NA,24003750201,NA,NA,NA,NA,NA
24005400100,Census Tract 4001; Baltimore County; Maryland,"Baltimore County, Maryland",1,0,323226,NA,323226,NA,NA,NA,24005400100,NA,NA,NA,NA,NA
24005400600,Census Tract 4006; Baltimore County; Maryland,"Baltimore County, Maryland",0,1,NA,140649,NA,140649,NA,NA,24005400600,NA,NA,NA,NA,NA
24005400702,Census Tract 4007.02; Baltimore County; Maryland,"Baltimore County, Maryland",4,4,787958,551671,787958,551671,NA,NA,24005400702,NA,NA,NA,NA,NA
24005400800,Census Tract 4008; Baltimore County; Maryland,"Baltimore County, Maryland",0,1,NA,34900,NA,34900,NA,NA,24005400800,NA,NA,NA,NA,NA
24005400900,Census Tract 4009; Baltimore County; Maryland,"Baltimore County, Maryland",0,2,NA,47300,NA,47300,NA,NA,24005400900,NA,NA,NA,NA,NA
24005401000,Census Tract 4010; Baltimore County; Maryland,"Baltimore County, Maryland",0,1,NA,2800,NA,2800,NA,NA,24005401000,NA,NA,NA,NA,NA
24005401101,Census Tract 4011.01; Baltimore County; Maryland,"Baltimore County, Maryland",5,0,227300,NA,227300,NA,NA,NA,24005401101,NA,NA,NA,NA,NA
24005401301,Census Tract 4013.01; Baltimore County; Maryland,"Baltimore County, Maryland",1,1,1767,1333,1767,1333,NA,NA,24005401301,NA,NA,NA,NA,NA
24005401302,Census Tract 4013.02; Baltimore County; Maryland,"Baltimore County, Maryland",5,6,1082501,929648,1082501,929648,NA,NA,24005401302,NA,NA,NA,NA,NA
24005402202,Census Tract 4022.02; Baltimore County; Maryland,"Baltimore County, Maryland",1,0,7367,NA,7367,NA,NA,NA,24005402202,NA,NA,NA,NA,NA
24005402404,Census Tract 4024.04; Baltimore County; Maryland,"Baltimore County, Maryland",0,2,NA,86100,NA,86100,NA,NA,24005402404,NA,NA,NA,NA,NA
24005403100,Census Tract 4031; Baltimore County; Maryland,"Baltimore County, Maryland",0,1,NA,179254,NA,179254,NA,NA,24005403100,NA,NA,NA,NA,NA
24005403201,Census Tract 4032.01; Baltimore County; Maryland,"Baltimore County, Maryland",8,2,298668,397476,298668,397476,NA,NA,24005403201,NA,NA,NA,NA,NA
24005403202,Census Tract 4032.02; Baltimore County; Maryland,"Baltimore County, Maryland",1,0,14100,NA,14100,NA,NA,NA,24005403202,NA,NA,NA,NA,NA
24005403402,Census Tract 4034.02; Baltimore County; Maryland,"Baltimore County, Maryland",3,0,482578,NA,482578,NA,NA,NA,24005403402,NA,NA,NA,NA,NA
24005403500,Census Tract 4035; Baltimore County; Maryland,"Baltimore County, Maryland",2,1,924848,673186,924848,673186,NA,NA,24005403500,NA,NA,NA,NA,NA
24005403601,Census Tract 4036.01; Baltimore County; Maryland,"Baltimore County, Maryland",6,8,2668414,3055129,2668414,3055129,NA,NA,24005403601,NA,NA,NA,NA,NA
24005403602,Census Tract 4036.02; Baltimore County; Maryland,"Baltimore County, Maryland",4,10,1031834,3673319,1031834,3673319,NA,NA,24005403602,NA,NA,NA,NA,NA
24005403803,Census Tract 4038.03; Baltimore County; Maryland,"Baltimore County, Maryland",2,1,495556,456321,495556,456321,NA,NA,24005403803,NA,NA,NA,NA,NA
24005411404,Census Tract 4114.04; Baltimore County; Maryland,"Baltimore County, Maryland",0,3,NA,5300,NA,5300,NA,NA,24005411404,NA,NA,NA,NA,NA
24005420100,Census Tract 4201; Baltimore County; Maryland,"Baltimore County, Maryland",1,0,2800,NA,2800,NA,NA,NA,24005420100,NA,NA,NA,NA,NA
24005420500,Census Tract 4205; Baltimore County; Maryland,"Baltimore County, Maryland",13,5,2096012,552020,2096012,552020,NA,NA,24005420500,NA,NA,NA,NA,NA
24005420600,Census Tract 4206; Baltimore County; Maryland,"Baltimore County, Maryland",12,2,1493000,417994,1493000,417994,NA,NA,24005420600,NA,NA,NA,NA,NA
24005420800,Census Tract 4208; Baltimore County; Maryland,"Baltimore County, Maryland",1,0,300,NA,300,NA,NA,NA,24005420800,NA,NA,NA,NA,NA
24005430104,Census Tract 4301.04; Baltimore County; Maryland,"Baltimore County, Maryland",1,0,100,NA,100,NA,NA,NA,24005430104,NA,NA,NA,NA,NA
24005430200,Census Tract 4302; Baltimore County; Maryland,"Baltimore County, Maryland",0,1,NA,1067,NA,1067,NA,NA,24005430200,NA,NA,NA,NA,NA
24005430300,Census Tract 4303; Baltimore County; Maryland,"Baltimore County, Maryland",2,0,223775,NA,223775,NA,NA,NA,24005430300,NA,NA,NA,NA,NA
24005430400,Census Tract 4304; Baltimore County; Maryland,"Baltimore County, Maryland",1,2,29733,320511,29733,320511,NA,NA,24005430400,NA,NA,NA,NA,NA
24005430700,Census Tract 4307; Baltimore County; Maryland,"Baltimore County, Maryland",0,1,NA,419234,NA,419234,NA,NA,24005430700,NA,NA,NA,NA,NA
24005430900,Census Tract 4309; Baltimore County; Maryland,"Baltimore County, Maryland",3,6,889491,1245468,889491,1245468,NA,NA,24005430900,NA,NA,NA,NA,NA
24005440200,Census Tract 4402; Baltimore County; Maryland,"Baltimore County, Maryland",3,3,581854,254301,581854,254301,NA,NA,24005440200,NA,NA,NA,NA,NA
24005440400,Census Tract 4404; Baltimore County; Maryland,"Baltimore County, Maryland",12,10,2489792,1854448,2539847,1854448,-50055,NA,24005440400,NA,NA,NA,NA,NA
24005440500,Census Tract 4405; Baltimore County; Maryland,"Baltimore County, Maryland",4,4,1051696,972889,1051696,972889,NA,NA,24005440500,NA,NA,NA,NA,NA
24005441000,Census Tract 4410; Baltimore County; Maryland,"Baltimore County, Maryland",6,10,1157784,1615321,1171725,1615321,-13941,NA,24005441000,NA,NA,NA,NA,NA
24005441102,Census Tract 4411.02; Baltimore County; Maryland,"Baltimore County, Maryland",1,0,69767,NA,69767,NA,NA,NA,24005441102,NA,NA,NA,NA,NA
24005450100,Census Tract 4501; Baltimore County; Maryland,"Baltimore County, Maryland",1,0,2500,NA,2500,NA,NA,NA,24005450100,NA,NA,NA,NA,NA
24005450200,Census Tract 4502; Baltimore County; Maryland,"Baltimore County, Maryland",0,1,NA,1900,NA,1900,NA,NA,24005450200,NA,NA,NA,NA,NA
24005450300,Census Tract 4503; Baltimore County; Maryland,"Baltimore County, Maryland",1,0,100,NA,100,NA,NA,NA,24005450300,NA,NA,NA,NA,NA
24005450501,Census Tract 4505.01; Baltimore County; Maryland,"Baltimore County, Maryland",0,1,NA,16500,NA,16500,NA,NA,24005450501,NA,NA,NA,NA,NA
24005451000,Census Tract 4510; Baltimore County; Maryland,"Baltimore County, Maryland",2,3,89666,-64403,89666,44333,NA,-108736,24005451000,NA,NA,NA,NA,NA
24005451701,Census Tract 4517.01; Baltimore County; Maryland,"Baltimore County, Maryland",2,0,64833,NA,64833,NA,NA,NA,24005451701,NA,NA,NA,NA,NA
24005451702,Census Tract 4517.02; Baltimore County; Maryland,"Baltimore County, Maryland",4,0,323600,NA,323600,NA,NA,NA,24005451702,NA,NA,NA,NA,NA
24005451801,Census Tract 4518.01; Baltimore County; Maryland,"Baltimore County, Maryland",0,1,NA,11904,NA,11904,NA,NA,24005451801,NA,NA,NA,NA,NA
24005451802,Census Tract 4518.02; Baltimore County; Maryland,"Baltimore County, Maryland",0,1,NA,25100,NA,25100,NA,NA,24005451802,NA,NA,NA,NA,NA
24005452100,Census Tract 4521; Baltimore County; Maryland,"Baltimore County, Maryland",0,1,NA,58833,NA,58833,NA,NA,24005452100,NA,NA,NA,NA,NA
24005452300,Census Tract 4523; Baltimore County; Maryland,"Baltimore County, Maryland",21,8,3044961,693057,3044961,693057,NA,NA,24005452300,NA,NA,NA,NA,NA
24005452400,Census Tract 4524; Baltimore County; Maryland,"Baltimore County, Maryland",1,0,400,NA,400,NA,NA,NA,24005452400,NA,NA,NA,NA,NA
24005490400,Census Tract 4904; Baltimore County; Maryland,"Baltimore County, Maryland",1,0,315281,NA,315281,NA,NA,NA,24005490400,NA,NA,NA,NA,NA
24005490500,Census Tract 4905; Baltimore County; Maryland,"Baltimore County, Maryland",4,0,3737982,NA,3737982,NA,NA,NA,24005490500,NA,NA,NA,NA,NA
24005490601,Census Tract 4906.01; Baltimore County; Maryland,"Baltimore County, Maryland",8,7,2337763,1513019,2337763,1513019,NA,NA,24005490601,NA,NA,NA,NA,NA
24005490602,Census Tract 4906.02; Baltimore County; Maryland,"Baltimore County, Maryland",4,4,1429101,1227421,1429101,1227421,NA,NA,24005490602,NA,NA,NA,NA,NA
24005490603,Census Tract 4906.03; Baltimore County; Maryland,"Baltimore County, Maryland",5,8,1211834,3618617,1211834,3618617,NA,NA,24005490603,NA,NA,NA,NA,NA
24005491000,Census Tract 4910; Baltimore County; Maryland,"Baltimore County, Maryland",1,5,512028,1204282,512028,1204282,NA,NA,24005491000,NA,NA,NA,NA,NA
24005491100,Census Tract 4911; Baltimore County; Maryland,"Baltimore County, Maryland",4,3,1583447,227282,1583447,227471,NA,-189,24005491100,NA,NA,NA,NA,NA
24005491300,Census Tract 4913; Baltimore County; Maryland,"Baltimore County, Maryland",2,3,609612,632434,609612,632434,NA,NA,24005491300,NA,NA,NA,NA,NA
24005491402,Census Tract 4914.02; Baltimore County; Maryland,"Baltimore County, Maryland",0,1,NA,-79991,NA,NA,NA,-79991,24005491402,NA,NA,NA,NA,NA
24005491500,Census Tract 4915; Baltimore County; Maryland,"Baltimore County, Maryland",1,0,23700,NA,23700,NA,NA,NA,24005491500,NA,NA,NA,NA,NA
24005492002,Census Tract 4920.02; Baltimore County; Maryland,"Baltimore County, Maryland",1,0,300,NA,300,NA,NA,NA,24005492002,NA,NA,NA,NA,NA
24005492101,Census Tract 4921.01; Baltimore County; Maryland,"Baltimore County, Maryland",2,0,4100,NA,4100,NA,NA,NA,24005492101,NA,NA,NA,NA,NA
24005492200,Census Tract 4922; Baltimore County; Maryland,"Baltimore County, Maryland",0,1,NA,31300,NA,31300,NA,NA,24005492200,NA,NA,NA,NA,NA
00Unmatched,NA,NA,6,9,1118856,1841852,1118856,1841852,NA,NA,00Unmatched,NA,NA,NA,NA,NA
